"Server URL","https://demo.openspecimen.org/"
"Environment","DEMO"
"Exported By","Amol Gayakwad (amol@krishagni.com / amol@krishagni.com)"
"Exported On","07/11/2025 11:54"
"Start Date","04/17/2024 18:30"
"End Date","04/22/2024 23:59"
""
"Audit ID","Timestamp","User","Email ID","Domain","Login ID","Institute","IP Address","Operation","Record Type","Record ID","Change Log"
"245351","04/18/2024 08:30","Saurav Raj Singh","saurav@krishagni.com","Krishagni_LDAP","saurav@krishagni.com","DEMO-130: Saurav Institute","103.166.101.238","Edit","Collection Protocol","1780","visitCollectionMode=ALL_SPMNS"
"245338","04/18/2024 08:16","Saurav Raj Singh","saurav@krishagni.com","Krishagni_LDAP","saurav@krishagni.com","DEMO-130: Saurav Institute","103.166.101.238","Add","Collection Protocol","1780","activityStatus=Active,aliquotLabelFormat=%SYS_UID%,barcodingEnabled=false,bulkPartRegEnabled=false,closeParentSpecimens=false,consentsWaived=false,containerSelectionStrategy=recently-used,derivativeLabelFormat=%SYS_UID%,draftDataEntry=false,draftMode=false,kitLabelsEnabled=false,labelSequenceKey=ID,manualPpidEnabled=false,manualSpecLabelEnabled=false,manualVisitNameEnabled=false,ppidFormat=%SYS_UID%,principalInvestigator={id=1055},shortTitle=(UAHS) [AL] Aging HIV/Long COVID_WF,specimenCentric=false,specimenLabelFormat=%SYS_UID%,spmnLabelPrePrintMode=ON_VISIT,spmnLabelPrintSettings=[{id=3388},{id=3389},{id=3390}],title=(UAHS) [AL] Aging HIV/Long COVID_WF,visitCollectionMode=PRIMARY_SPMNS,visitNameFormat=%SYS_UID%,visitNamePrintMode=NONE"
